{
  "__version__": "1.0.0",
  "current-scene": "4753fa27-55ac-44df-94a5-a91c50b1cd4d",
  "gizmos-infos": {
    "is2D": true,
    "is3DIcon": false,
    "iconSize": 2,
    "gridVisible": true,
    "gridColor": [
      150,
      150,
      150,
      255
    ],
    "isIconGizmo3D": false,
    "iconGizmoSize": 2,
    "isGridVisible": true,
    "transformToolName": "position",
    "pivot": "pivot",
    "coordinate": "local",
    "toolsVisibility3d": true
  },
  "camera-infos": {
    "1cbee229-fdef-44ac-ae41-10f976bb1d77": {
      "position": {
        "x": 761.057090986777,
        "y": 568.0544515258321,
        "z": 5000
      },
      "rotation": {
        "x": 0,
        "y": 0,
        "z": 0,
        "w": 1
      },
      "viewCenter": {
        "x": 0,
        "y": 0,
        "z": 0
      }
    },
    "a18214d2-f37c-41d3-908b-0a859a46c913": {
      "position": {
        "x": 387.85850103060625,
        "y": 959.2599644164129,
        "z": 5000
      },
      "rotation": {
        "x": 0,
        "y": 0,
        "z": 0,
        "w": 1
      },
      "viewCenter": {
        "x": 0,
        "y": 0,
        "z": 0
      }
    },
    "95a253de-483f-4725-aacb-10f85609785e": {
      "position": {
        "x": 798,
        "y": 550,
        "z": 5000
      },
      "rotation": {
        "x": 0,
        "y": 0,
        "z": 0,
        "w": 1
      },
      "viewCenter": {
        "x": 0,
        "y": 0,
        "z": 0
      },
      "contentRect": {
        "x": 0,
        "y": 0,
        "width": 1581.490909090909,
        "height": 1090
      },
      "scale": 0.990909090909091
    },
    "d8be8bee-362a-494a-9643-8e52af4c0c15": {
      "position": {
        "x": 159.1916544543344,
        "y": 733.9330468223797,
        "z": 5000
      },
      "rotation": {
        "x": 0,
        "y": 0,
        "z": 0,
        "w": 1
      },
      "viewCenter": {
        "x": 0,
        "y": 0,
        "z": 0
      }
    },
    "bdcb9859-c753-42cc-8d29-7597de4582a5": {
      "position": {
        "x": 0.48887332224358815,
        "y": 20.488873322243585,
        "z": 20.488873322243585
      },
      "rotation": {
        "x": -0.27984814233312133,
        "y": 0.3647051996310009,
        "z": 0.11591689595929512,
        "w": 0.8804762392171493
      },
      "viewCenter": {
        "x": -10,
        "y": 10,
        "z": 10
      }
    },
    "72f2155f-fbdc-4af1-9abb-71b3524790ca": {
      "position": {
        "x": -251.58236028751298,
        "y": 450.35581926652674,
        "z": 5000
      },
      "rotation": {
        "x": 0,
        "y": 0,
        "z": 0,
        "w": 1
      },
      "viewCenter": {
        "x": 0,
        "y": 0,
        "z": 0
      }
    },
    "a8b87b97-edb2-46ee-96cc-e1dfb579fb10": {
      "position": {
        "x": 1093.0734553957982,
        "y": 602.1444657792656,
        "z": 5000
      },
      "rotation": {
        "x": 0,
        "y": 0,
        "z": 0,
        "w": 1
      },
      "viewCenter": {
        "x": 0,
        "y": 0,
        "z": 0
      }
    },
    "b6005edf-d0b4-450a-8b4a-bd855af18c4f": {
      "position": {
        "x": 869,
        "y": 553,
        "z": 5000
      },
      "rotation": {
        "x": 0,
        "y": 0,
        "z": 0,
        "w": 1
      },
      "viewCenter": {
        "x": 0,
        "y": 0,
        "z": 0
      }
    },
    "f46876e4-e81b-4931-b493-6d367be385e7": {
      "position": {
        "x": 896.5000000000001,
        "y": 446.5,
        "z": 5000
      },
      "rotation": {
        "x": 0,
        "y": 0,
        "z": 0,
        "w": 1
      },
      "viewCenter": {
        "x": 0,
        "y": 0,
        "z": 0
      }
    },
    "4753fa27-55ac-44df-94a5-a91c50b1cd4d": {
      "position": {
        "x": 798,
        "y": 550,
        "z": 5000
      },
      "rotation": {
        "x": 0,
        "y": 0,
        "z": 0,
        "w": 1
      },
      "viewCenter": {
        "x": 0,
        "y": 0,
        "z": 0
      },
      "contentRect": {
        "x": 0,
        "y": 0,
        "width": 1581.490909090909,
        "height": 1090
      },
      "scale": 0.990909090909091
    },
    "9cd929f4-07e5-466d-b5bf-a1036c927a6a": {
      "position": {
        "x": 751.3509221251961,
        "y": 529.6115340368281,
        "z": 5000
      },
      "rotation": {
        "x": 0,
        "y": 0,
        "z": 0,
        "w": 1
      },
      "viewCenter": {
        "x": 0,
        "y": 0,
        "z": 0
      }
    },
    "40e1c6c1-0d34-4197-b9f5-a4ffd582bb5e": {
      "position": {
        "x": 411.55251241371417,
        "y": 559.6477556574561,
        "z": 5000
      },
      "rotation": {
        "x": 0,
        "y": 0,
        "z": 0,
        "w": 1
      },
      "viewCenter": {
        "x": 0,
        "y": 0,
        "z": 0
      },
      "contentRect": {
        "x": 51.55251241371442,
        "y": 529.6477556574561,
        "width": 720,
        "height": 60
      },
      "scale": 1.0000000000000007
    },
    "19f55ede-835b-4d7d-aaa1-9f547d69b1b4": {
      "position": {
        "x": 640,
        "y": 360,
        "z": 5000
      },
      "rotation": {
        "x": 0,
        "y": 0,
        "z": 0,
        "w": 1
      },
      "viewCenter": {
        "x": 0,
        "y": 0,
        "z": 0
      },
      "contentRect": {
        "x": 200,
        "y": 85,
        "width": 880,
        "height": 550
      },
      "scale": 1
    },
    "5749f00d-a891-499e-be4b-c81bdd28fa3c": {
      "position": {
        "x": 640,
        "y": 360,
        "z": 5000
      },
      "rotation": {
        "x": 0,
        "y": 0,
        "z": 0,
        "w": 1
      },
      "viewCenter": {
        "x": 0,
        "y": 0,
        "z": 0
      },
      "contentRect": {
        "x": 200,
        "y": 35,
        "width": 880,
        "height": 650
      },
      "scale": 1
    },
    "a5c51bc8-07ef-4aef-8759-5c357ef8a5f9": {
      "position": {
        "x": 640,
        "y": 360,
        "z": 5000
      },
      "rotation": {
        "x": 0,
        "y": 0,
        "z": 0,
        "w": 1
      },
      "viewCenter": {
        "x": 0,
        "y": 0,
        "z": 0
      },
      "contentRect": {
        "x": 200,
        "y": 35,
        "width": 140,
        "height": 140
      },
      "scale": 1
    },
    "2b76b44f-5ae7-476f-9f3d-5dc4b3599970": {
      "position": {
        "x": 1184.306,
        "y": 482.03900000000004,
        "z": 5000
      },
      "rotation": {
        "x": 0,
        "y": 0,
        "z": 0,
        "w": 1
      },
      "viewCenter": {
        "x": 0,
        "y": 0,
        "z": 0
      },
      "contentRect": {
        "x": 1114.306,
        "y": 412.03900000000004,
        "width": 125.37200000000007,
        "height": 186.642
      },
      "scale": 1
    },
    "7b8f0148-ee90-49f5-87e4-4d8c1b8d7980": {
      "position": {
        "x": 316.7040159699968,
        "y": 610.3009593677759,
        "z": 5000
      },
      "rotation": {
        "x": 0,
        "y": 0,
        "z": 0,
        "w": 1
      },
      "viewCenter": {
        "x": 0,
        "y": 0,
        "z": 0
      },
      "contentRect": {
        "x": -928.2943167177285,
        "y": -90.01060276906958,
        "width": 1280,
        "height": 720
      },
      "scale": 0.5140569133280333
    },
    "49883105-a39a-420e-a290-75d9290ac207": {
      "position": {
        "x": 389.07529171064584,
        "y": 498.10000313291334,
        "z": 5000
      },
      "rotation": {
        "x": 0,
        "y": 0,
        "z": 0,
        "w": 1
      },
      "viewCenter": {
        "x": 0,
        "y": 0,
        "z": 0
      },
      "contentRect": {
        "x": 291.80979696941716,
        "y": 449.4672557622992,
        "width": 100.00000000000006,
        "height": 50
      },
      "scale": 0.5140569133280334
    },
    "5d+knsG8xBl6rLDXFUz+3M": {
      "position": {
        "x": 798,
        "y": 550,
        "z": 5000
      },
      "rotation": {
        "x": 0,
        "y": 0,
        "z": 0,